{
  "method": "algorithm_b",
  "per_concept_CS": {
    "superman": 0.1705799400806427,
    "van gogh": 0.2017914056777954,
    "snoopy": 0.1496020406484604,
    "batman": 0.1695680171251297,
    "thor": 0.17095686495304108,
    "wonder woman": 0.14846770465373993,
    "shazam": 0.16934452950954437,
    "picasso": 0.1897432953119278,
    "monet": 0.1865040361881256,
    "paul gauguin": 0.1620061993598938,
    "caravaggio": 0.1547575742006302,
    "mickey": 0.16218134760856628,
    "spongebob": 0.1693839728832245,
    "pikachu": 0.1788882315158844,
    "hello kitty": 0.1469467282295227
  },
  "AVG_e_CS": 0.1739911288022995,
  "AVG_r_CS": 0.16739570846160254,
  "coco_CS": 0.12947711862623693,
  "n_coco": 100,
  "superman_r_CS_avg": 0.16458427906036377,
  "van gogh_r_CS_avg": 0.17325277626514435,
  "snoopy_r_CS_avg": 0.16435007005929947,
  "coco_FID": 392.34261848795546
}