{
  "method": "algorithm_a",
  "per_concept_CS": {
    "superman": 0.21825040876865387,
    "van gogh": 0.25038859248161316,
    "snoopy": 0.2000693678855896,
    "batman": 0.21592958271503448,
    "thor": 0.2176237255334854,
    "wonder woman": 0.22770746052265167,
    "shazam": 0.18053977191448212,
    "picasso": 0.2040562927722931,
    "monet": 0.22276024520397186,
    "paul gauguin": 0.2690909802913666,
    "caravaggio": 0.20929531753063202,
    "mickey": 0.20441676676273346,
    "spongebob": 0.19696426391601562,
    "pikachu": 0.21137040853500366,
    "hello kitty": 0.20848676562309265
  },
  "AVG_e_CS": 0.2229027897119522,
  "AVG_r_CS": 0.2140201317767302,
  "coco_CS": 0.2643925303220749,
  "n_coco": 100,
  "superman_r_CS_avg": 0.21045013517141342,
  "van gogh_r_CS_avg": 0.2263007089495659,
  "snoopy_r_CS_avg": 0.20530955120921135,
  "coco_FID": 128.7127005036382
}