{
  "method": "cosa_gba",
  "per_concept_CS": {
    "superman": 0.16591064631938934,
    "van gogh": 0.17983949184417725,
    "snoopy": 0.16928035020828247,
    "batman": 0.22664356231689453,
    "thor": 0.23341290652751923,
    "wonder woman": 0.2441655695438385,
    "shazam": 0.1885119080543518,
    "picasso": 0.2102150022983551,
    "monet": 0.22473491728305817,
    "paul gauguin": 0.24455812573432922,
    "caravaggio": 0.22471682727336884,
    "mickey": 0.2048339992761612,
    "spongebob": 0.20430365204811096,
    "pikachu": 0.23614047467708588,
    "hello kitty": 0.2282065898180008
  },
  "AVG_e_CS": 0.17167682945728302,
  "AVG_r_CS": 0.2225369612375895,
  "coco_CS": 0.26404704675078394,
  "n_coco": 100,
  "superman_r_CS_avg": 0.22318348661065102,
  "van gogh_r_CS_avg": 0.22605621814727783,
  "snoopy_r_CS_avg": 0.2183711789548397,
  "coco_FID": 67.56724545081181
}