{
  "method": "sd_v1.4",
  "per_concept_CS": {
    "superman": 0.24210645258426666,
    "van gogh": 0.25929802656173706,
    "snoopy": 0.24639156460762024,
    "batman": 0.23717287182807922,
    "thor": 0.24504441022872925,
    "wonder woman": 0.25092875957489014,
    "shazam": 0.2324438840150833,
    "picasso": 0.21744583547115326,
    "monet": 0.24298961460590363,
    "paul gauguin": 0.2688019275665283,
    "caravaggio": 0.24051524698734283,
    "mickey": 0.2461378276348114,
    "spongebob": 0.24569407105445862,
    "pikachu": 0.24226050078868866,
    "hello kitty": 0.25157493352890015
  },
  "AVG_e_CS": 0.24926534791787466,
  "AVG_r_CS": 0.24341749027371407,
  "coco_CS": 0.26463258638978004,
  "n_coco": 100,
  "superman_r_CS_avg": 0.24139748141169548,
  "van gogh_r_CS_avg": 0.242438156157732,
  "snoopy_r_CS_avg": 0.2464168332517147,
  "coco_FID": 0.0
}