{
  "method": "unified",
  "per_concept_CS": {
    "superman": 0.17577823996543884,
    "van gogh": 0.20148363709449768,
    "snoopy": 0.15094254910945892,
    "batman": 0.17492231726646423,
    "thor": 0.1707547903060913,
    "wonder woman": 0.15134547650814056,
    "shazam": 0.16748589277267456,
    "picasso": 0.19023041427135468,
    "monet": 0.18623562157154083,
    "paul gauguin": 0.16269397735595703,
    "caravaggio": 0.1533648520708084,
    "mickey": 0.16283869743347168,
    "spongebob": 0.17734548449516296,
    "pikachu": 0.18049009144306183,
    "hello kitty": 0.1509706825017929
  },
  "AVG_e_CS": 0.17606814205646515,
  "AVG_r_CS": 0.16905652483304343,
  "coco_CS": 0.13043705523014068,
  "n_coco": 100,
  "superman_r_CS_avg": 0.16612711921334267,
  "van gogh_r_CS_avg": 0.17313121631741524,
  "snoopy_r_CS_avg": 0.16791123896837234,
  "coco_FID": 393.2261107194128
}